,DATE,CORESTICKM159SFRBATL,Inflation_change
1970-01-31 00:00:00.000000000,1968-01-01,3.65186106,
1970-01-31 00:00:00.000000001,1968-02-01,3.673819411,0.0060129207106254245
1970-01-31 00:00:00.000000002,1968-03-01,4.142163975,0.12748165100268705
1970-01-31 00:00:00.000000003,1968-04-01,4.155828095,0.003298787803300396
1970-01-31 00:00:00.000000004,1968-05-01,4.088245437,-0.016262139928576613
1970-01-31 00:00:00.000000005,1968-06-01,4.545569347,0.11186312491443484
1970-01-31 00:00:00.000000006,1968-07-01,4.753076334,0.04565038417837619
1970-01-31 00:00:00.000000007,1968-08-01,4.9466066,0.04071684366094175
1970-01-31 00:00:00.000000008,1968-09-01,4.948246979,0.000331617032169218
1970-01-31 00:00:00.000000009,1968-10-01,5.182592347,0.047359270665862985
1970-01-31 00:00:00.000000010,1968-11-01,5.399387944,0.04183149715132317
1970-01-31 00:00:00.000000011,1968-12-01,5.706347843,0.056850869428840545
1970-01-31 00:00:00.000000012,1969-01-01,5.746196961,0.006983296338810341
1970-01-31 00:00:00.000000013,1969-02-01,5.749956071,0.0006541909415067604
1970-01-31 00:00:00.000000014,1969-03-01,6.125157849,0.06525298165186633
1970-01-31 00:00:00.000000015,1969-04-01,6.505620421,0.06211473751033436
1970-01-31 00:00:00.000000016,1969-05-01,6.780633974,0.04227322456629379
1970-01-31 00:00:00.000000017,1969-06-01,6.375966005,-0.05967996068681458
1970-01-31 00:00:00.000000018,1969-07-01,6.389268621,0.0020863687148846566
1970-01-31 00:00:00.000000019,1969-08-01,6.414746498,0.003987604608806095
1970-01-31 00:00:00.000000020,1969-09-01,6.834758299,0.06547597806568839
1970-01-31 00:00:00.000000021,1969-10-01,6.560106336,-0.04018459043975042
1970-01-31 00:00:00.000000022,1969-11-01,6.437390535,-0.0187063737559513
1970-01-31 00:00:00.000000023,1969-12-01,6.402163808,-0.005472205982916867
1970-01-31 00:00:00.000000024,1970-01-01,6.592370014,0.0297096749949326
1970-01-31 00:00:00.000000025,1970-02-01,7.053805927,0.0699954511078813
1970-01-31 00:00:00.000000026,1970-03-01,6.993096123,-0.008606673422587363
1970-01-31 00:00:00.000000027,1970-04-01,6.817838113,-0.025061576005452557
1970-01-31 00:00:00.000000028,1970-05-01,6.947734731,0.01905246440984243
1970-01-31 00:00:00.000000029,1970-06-01,7.151974844,0.02939664810297149
1970-01-31 00:00:00.000000030,1970-07-01,7.00787567,-0.020148165666562523
1970-01-31 00:00:00.000000031,1970-08-01,7.114872285,0.015268052693634626
1970-01-31 00:00:00.000000032,1970-09-01,7.081263039,-0.004723801728789501
1970-01-31 00:00:00.000000033,1970-10-01,7.057638255,-0.0033362387288662365
1970-01-31 00:00:00.000000034,1970-11-01,7.327620064,0.038253846293231586
1970-01-31 00:00:00.000000035,1970-12-01,7.342681298,0.002055405966528534
1970-01-31 00:00:00.000000036,1971-01-01,7.014858012,-0.044646263768698735
1970-01-31 00:00:00.000000037,1971-02-01,6.329604979,-0.09768594486556526
1970-01-31 00:00:00.000000038,1971-03-01,5.50160847,-0.1308132990521651
1970-01-31 00:00:00.000000039,1971-04-01,5.306250794,-0.03550919282338527
1970-01-31 00:00:00.000000040,1971-05-01,5.060279237,-0.04635505680925056
1970-01-31 00:00:00.000000041,1971-06-01,5.239199701,0.035357824266250226
1970-01-31 00:00:00.000000042,1971-07-01,5.165044197,-0.014153975460382995
1970-01-31 00:00:00.000000043,1971-08-01,4.913620811,-0.04867787697654813
1970-01-31 00:00:00.000000044,1971-09-01,4.672385308,-0.04909526238979456
1970-01-31 00:00:00.000000045,1971-10-01,4.376576593,-0.06331000024623823
1970-01-31 00:00:00.000000046,1971-11-01,3.953153899,-0.09674746574234128
1970-01-31 00:00:00.000000047,1971-12-01,3.677258309,-0.06979125959902333
1970-01-31 00:00:00.000000048,1972-01-01,3.728280469,0.01387505465012473
1970-01-31 00:00:00.000000049,1972-02-01,3.841502967,0.03036855701748431
1970-01-31 00:00:00.000000050,1972-03-01,4.057916253,0.05633557694971847
1970-01-31 00:00:00.000000051,1972-04-01,3.971403024,-0.021319619136063173
1970-01-31 00:00:00.000000052,1972-05-01,3.863863418,-0.027078492248234665
1970-01-31 00:00:00.000000053,1972-06-01,3.488589959,-0.09712389347195094
1970-01-31 00:00:00.000000054,1972-07-01,3.467340855,-0.0060910293986200514
1970-01-31 00:00:00.000000055,1972-08-01,3.366129082,-0.029190026949340697
1970-01-31 00:00:00.000000056,1972-09-01,3.1247262,-0.07171527773277475
1970-01-31 00:00:00.000000057,1972-10-01,3.331141241,0.06605860091037741
1970-01-31 00:00:00.000000058,1972-11-01,3.268535943,-0.018793948821337336
1970-01-31 00:00:00.000000059,1972-12-01,3.147816809,-0.03693370246043515
1970-01-31 00:00:00.000000060,1973-01-01,2.842802671,-0.09689704214296302
1970-01-31 00:00:00.000000061,1973-02-01,2.881142745,0.01348671660932177
1970-01-31 00:00:00.000000062,1973-03-01,2.929374136,0.016740368412395235
1970-01-31 00:00:00.000000063,1973-04-01,3.031703085,0.03493201764241993
1970-01-31 00:00:00.000000064,1973-05-01,3.175423207,0.04740573795339187
1970-01-31 00:00:00.000000065,1973-06-01,3.098743668,-0.024147817157399776
1970-01-31 00:00:00.000000066,1973-07-01,3.013319714,-0.027567286343221364
1970-01-31 00:00:00.000000067,1973-08-01,3.322713188,0.10267528950298432
1970-01-31 00:00:00.000000068,1973-09-01,3.944607922,0.18716473520675114
1970-01-31 00:00:00.000000069,1973-10-01,4.765238145,0.20803847663113828
1970-01-31 00:00:00.000000070,1973-11-01,4.927794502,0.034112955544638446
1970-01-31 00:00:00.000000071,1973-12-01,5.30805948,0.07716737738265356
1970-01-31 00:00:00.000000072,1974-01-01,5.845776926,0.10130207621561915
1970-01-31 00:00:00.000000073,1974-02-01,6.291538116,0.07625354091385317
1970-01-31 00:00:00.000000074,1974-03-01,6.816162733,0.08338574881487681
1970-01-31 00:00:00.000000075,1974-04-01,7.104721156,0.04233443864286923
1970-01-31 00:00:00.000000076,1974-05-01,7.728315605,0.08777184006347216
1970-01-31 00:00:00.000000077,1974-06-01,8.616369341,0.11490909292387785
1970-01-31 00:00:00.000000078,1974-07-01,9.526994824,0.10568552100789064
1970-01-31 00:00:00.000000079,1974-08-01,10.103211029,0.060482472767637185
1970-01-31 00:00:00.000000080,1974-09-01,10.593110106,0.048489443167504254
1970-01-31 00:00:00.000000081,1974-10-01,10.561468061,-0.0029870401311204997
1970-01-31 00:00:00.000000082,1974-11-01,10.985727169,0.04017046735828789
1970-01-31 00:00:00.000000083,1974-12-01,11.496042915,0.046452614210193754
1970-01-31 00:00:00.000000084,1975-01-01,11.624378564,0.011163462936672586
1970-01-31 00:00:00.000000085,1975-02-01,11.784135357,0.01374325449919156
1970-01-31 00:00:00.000000086,1975-03-01,11.573788456,-0.01785000720269636
1970-01-31 00:00:00.000000087,1975-04-01,11.698351766,0.010762535575412624
1970-01-31 00:00:00.000000088,1975-05-01,10.926931315,-0.06594266153305894
1970-01-31 00:00:00.000000089,1975-06-01,10.432971739,-0.045205699730345605
1970-01-31 00:00:00.000000090,1975-07-01,9.76743143,-0.0637920168528886
1970-01-31 00:00:00.000000091,1975-08-01,8.920589927,-0.08670053217870399
1970-01-31 00:00:00.000000092,1975-09-01,8.520421165,-0.04485900206989746
1970-01-31 00:00:00.000000093,1975-10-01,8.109587525,-0.04821752728463857
1970-01-31 00:00:00.000000094,1975-11-01,8.092959791,-0.0020503797448070404
1970-01-31 00:00:00.000000095,1975-12-01,7.685189103,-0.05038585369637849
1970-01-31 00:00:00.000000096,1976-01-01,7.691042386,0.0007616316165486303
1970-01-31 00:00:00.000000097,1976-02-01,7.373666255,-0.04126568481506743
1970-01-31 00:00:00.000000098,1976-03-01,7.334813689,-0.005269097441676918
1970-01-31 00:00:00.000000099,1976-04-01,6.847460223,-0.06644387801300022
1970-01-31 00:00:00.000000100,1976-05-01,6.965887097,0.017295007220665015
1970-01-31 00:00:00.000000101,1976-06-01,6.871017008,-0.013619240116719444
1970-01-31 00:00:00.000000102,1976-07-01,7.088593777,0.031665875480539896
1970-01-31 00:00:00.000000103,1976-08-01,7.352526572,0.037233449017260556
1970-01-31 00:00:00.000000104,1976-09-01,7.092183496,-0.035408654895780045
1970-01-31 00:00:00.000000105,1976-10-01,6.878373933,-0.030147212508050414
1970-01-31 00:00:00.000000106,1976-11-01,6.612229044,-0.03869299511664093
1970-01-31 00:00:00.000000107,1976-12-01,6.196677638,-0.06284588801065139
1970-01-31 00:00:00.000000108,1977-01-01,6.048908185,-0.023846561275647216
1970-01-31 00:00:00.000000109,1977-02-01,6.05231412,0.0005630660766922091
1970-01-31 00:00:00.000000110,1977-03-01,6.102888398,0.008356188558170885
1970-01-31 00:00:00.000000111,1977-04-01,6.580655715,0.0782854422107031
1970-01-31 00:00:00.000000112,1977-05-01,6.741041444,0.02437230208448926
1970-01-31 00:00:00.000000113,1977-06-01,6.920217354,0.026579855870709546
1970-01-31 00:00:00.000000114,1977-07-01,6.881150829,-0.005645274274140966
1970-01-31 00:00:00.000000115,1977-08-01,6.832672177,-0.007045137245893618
1970-01-31 00:00:00.000000116,1977-09-01,6.873489359,0.005973824141219275
1970-01-31 00:00:00.000000117,1977-10-01,6.950144555,0.011152297180707649
1970-01-31 00:00:00.000000118,1977-11-01,6.999499128,0.007101229709602919
1970-01-31 00:00:00.000000119,1977-12-01,7.363992642,0.05207422807468065
1970-01-31 00:00:00.000000120,1978-01-01,7.371987718,0.001085698531853474
1970-01-31 00:00:00.000000121,1978-02-01,7.341035476,-0.004198629078616678
1970-01-31 00:00:00.000000122,1978-03-01,7.433603181,0.012609625073006558
1970-01-31 00:00:00.000000123,1978-04-01,7.413807475,-0.002663002788553026
1970-01-31 00:00:00.000000124,1978-05-01,7.643491412,0.030980564005002043
1970-01-31 00:00:00.000000125,1978-06-01,7.679164103,0.004667067584323448
1970-01-31 00:00:00.000000126,1978-07-01,7.912838518,0.030429668107849306
1970-01-31 00:00:00.000000127,1978-08-01,8.176594615,0.033332677824779555
1970-01-31 00:00:00.000000128,1978-09-01,8.576148162,0.04886551991546906
1970-01-31 00:00:00.000000129,1978-10-01,9.03646557,0.05367414360209133
1970-01-31 00:00:00.000000130,1978-11-01,9.211524761,0.019372528965436953
1970-01-31 00:00:00.000000131,1978-12-01,9.058012586,-0.016665229588259223
1970-01-31 00:00:00.000000132,1979-01-01,9.070516336,0.0013804076646268815
1970-01-31 00:00:00.000000133,1979-02-01,9.571356337,0.055216261395419464
1970-01-31 00:00:00.000000134,1979-03-01,9.675145162,0.010843690418126384
1970-01-31 00:00:00.000000135,1979-04-01,9.918953512,0.025199451369223747
1970-01-31 00:00:00.000000136,1979-05-01,10.082376559,0.016475835560907814
1970-01-31 00:00:00.000000137,1979-06-01,10.269173247,0.018527049342672575
1970-01-31 00:00:00.000000138,1979-07-01,10.50434739,0.0229009811543206
1970-01-31 00:00:00.000000139,1979-08-01,10.93575743,0.041069666108976666
1970-01-31 00:00:00.000000140,1979-09-01,10.98372295,0.0043861177707194
1970-01-31 00:00:00.000000141,1979-10-01,11.257284188,0.02490605774064969
1970-01-31 00:00:00.000000142,1979-11-01,11.926588317,0.05945520409917893
1970-01-31 00:00:00.000000143,1979-12-01,12.734186684,0.06771411450908049
1970-01-31 00:00:00.000000144,1980-01-01,13.469735746,0.05776176211741779
1970-01-31 00:00:00.000000145,1980-02-01,13.599492679,0.009633220387306629
1970-01-31 00:00:00.000000146,1980-03-01,14.331667424,0.05383838664295215
1970-01-31 00:00:00.000000147,1980-04-01,14.755204998,0.029552567853391443
1970-01-31 00:00:00.000000148,1980-05-01,15.115272835,0.02440276750128567
1970-01-31 00:00:00.000000149,1980-06-01,15.774166719,0.0435912663431588
1970-01-31 00:00:00.000000150,1980-07-01,14.133410238,-0.10401541395043756
1970-01-31 00:00:00.000000151,1980-08-01,13.268359535,-0.061206084620268664
1970-01-31 00:00:00.000000152,1980-09-01,13.087752647,-0.013611847608107519
1970-01-31 00:00:00.000000153,1980-10-01,13.084188753,-0.00027230756082619045
1970-01-31 00:00:00.000000154,1980-11-01,12.870601808,-0.016324049509835126
1970-01-31 00:00:00.000000155,1980-12-01,12.685251999,-0.014401021161636107
1970-01-31 00:00:00.000000156,1981-01-01,12.018100571,-0.052592682278018055
1970-01-31 00:00:00.000000157,1981-02-01,11.229271193,-0.0656367762392891
1970-01-31 00:00:00.000000158,1981-03-01,10.319341471,-0.08103194823251081
1970-01-31 00:00:00.000000159,1981-04-01,9.710596634,-0.058990667060560886
1970-01-31 00:00:00.000000160,1981-05-01,9.603160634,-0.01106378980090994
1970-01-31 00:00:00.000000161,1981-06-01,9.212167638,-0.04071503236295859
1970-01-31 00:00:00.000000162,1981-07-01,11.238230349,0.21993333063572718
1970-01-31 00:00:00.000000163,1981-08-01,11.81874206,0.05165508207007474
1970-01-31 00:00:00.000000164,1981-09-01,12.228963711,0.03470941737432254
1970-01-31 00:00:00.000000165,1981-10-01,11.266251913,-0.07872390668180962
1970-01-31 00:00:00.000000166,1981-11-01,10.524035314,-0.06587963812024866
1970-01-31 00:00:00.000000167,1981-12-01,9.855791699,-0.06349689972163486
1970-01-31 00:00:00.000000168,1982-01-01,9.469843405,-0.03915954250932052
1970-01-31 00:00:00.000000169,1982-02-01,9.539828014,0.007390260430605089
1970-01-31 00:00:00.000000170,1982-03-01,8.890430545,-0.06807224072037665
1970-01-31 00:00:00.000000171,1982-04-01,9.081124943,0.021449399670216085
1970-01-31 00:00:00.000000172,1982-05-01,9.052945034,-0.0031031297528532065
1970-01-31 00:00:00.000000173,1982-06-01,8.878235542,-0.01929863611718019
1970-01-31 00:00:00.000000174,1982-07-01,7.889386151,-0.11137904444211699
1970-01-31 00:00:00.000000175,1982-08-01,7.329095724,-0.07101825367351067
1970-01-31 00:00:00.000000176,1982-09-01,5.979568161,-0.18413288812435757
1970-01-31 00:00:00.000000177,1982-10-01,5.978948458,-0.0001036367482258882
1970-01-31 00:00:00.000000178,1982-11-01,5.304532965,-0.11279834535078037
1970-01-31 00:00:00.000000179,1982-12-01,4.248605204,-0.19906140049786636
1970-01-31 00:00:00.000000180,1983-01-01,4.424606951,0.04142577117645496
1970-01-31 00:00:00.000000181,1983-02-01,4.356216055,-0.015456942674771046
1970-01-31 00:00:00.000000182,1983-03-01,4.586331541,0.05282462648652997
1970-01-31 00:00:00.000000183,1983-04-01,4.187719488,-0.08691304792001298
1970-01-31 00:00:00.000000184,1983-05-01,3.285270905,-0.21549881399314963
1970-01-31 00:00:00.000000185,1983-06-01,2.582464401,-0.21392649931254293
1970-01-31 00:00:00.000000186,1983-07-01,2.370321394,-0.0821475048863608
1970-01-31 00:00:00.000000187,1983-08-01,2.293245829,-0.03251692584604837
1970-01-31 00:00:00.000000188,1983-09-01,2.688915363,0.17253690336920258
1970-01-31 00:00:00.000000189,1983-10-01,2.837489986,0.05525448106118014
1970-01-31 00:00:00.000000190,1983-11-01,3.496604743,0.23228795881290543
1970-01-31 00:00:00.000000191,1983-12-01,4.455576949,0.274258109361605
1970-01-31 00:00:00.000000192,1984-01-01,4.47100051,0.0034616304861396774
1970-01-31 00:00:00.000000193,1984-02-01,4.509240951,0.008552994103773859
1970-01-31 00:00:00.000000194,1984-03-01,4.638826514,0.028737777468126335
1970-01-31 00:00:00.000000195,1984-04-01,4.632179596,-0.0014328878176278481
1970-01-31 00:00:00.000000196,1984-05-01,4.693964637,0.013338222260067756
1970-01-31 00:00:00.000000197,1984-06-01,4.773046608,0.016847585594624848
1970-01-31 00:00:00.000000198,1984-07-01,4.88156286,0.02273521733856909
1970-01-31 00:00:00.000000199,1984-08-01,5.017877611,0.027924407594333456
1970-01-31 00:00:00.000000200,1984-09-01,5.122410713,0.020832134640120792
1970-01-31 00:00:00.000000201,1984-10-01,5.086232886,-0.00706265643795112
1970-01-31 00:00:00.000000202,1984-11-01,4.951399759,-0.026509428494934317
1970-01-31 00:00:00.000000203,1984-12-01,5.03485707,0.01685529649435047
1970-01-31 00:00:00.000000204,1985-01-01,4.71440976,-0.0636457610503729
1970-01-31 00:00:00.000000205,1985-02-01,4.860092398,0.030901564653132763
1970-01-31 00:00:00.000000206,1985-03-01,4.95037523,0.018576361230735472
1970-01-31 00:00:00.000000207,1985-04-01,4.742850309,-0.04192104867977853
1970-01-31 00:00:00.000000208,1985-05-01,5.02421107,0.05932313749520879
1970-01-31 00:00:00.000000209,1985-06-01,5.042571195,0.0036543299523441597
1970-01-31 00:00:00.000000210,1985-07-01,4.934458147,-0.02144006377286256
1970-01-31 00:00:00.000000211,1985-08-01,4.931448285,-0.0006099680877483804
1970-01-31 00:00:00.000000212,1985-09-01,4.772256068,-0.03228102735746319
1970-01-31 00:00:00.000000213,1985-10-01,4.87735108,0.022022081485674416
1970-01-31 00:00:00.000000214,1985-11-01,5.134382326,0.05269894288602228
1970-01-31 00:00:00.000000215,1985-12-01,5.015425836,-0.023168607720857826
1970-01-31 00:00:00.000000216,1986-01-01,5.280952944,0.05294208641150355
1970-01-31 00:00:00.000000217,1986-02-01,5.109255446,-0.032512597597574855
1970-01-31 00:00:00.000000218,1986-03-01,5.212476107,0.020202681602230488
1970-01-31 00:00:00.000000219,1986-04-01,5.352667382,0.026895331915619325
1970-01-31 00:00:00.000000220,1986-05-01,5.024657147,-0.06127977167104304
1970-01-31 00:00:00.000000221,1986-06-01,5.026885723,0.00044352797311364434
1970-01-31 00:00:00.000000222,1986-07-01,4.960427947,-0.013220466838131828
1970-01-31 00:00:00.000000223,1986-08-01,4.823456322,-0.02761286454787404
1970-01-31 00:00:00.000000224,1986-09-01,4.947499067,0.0257165685183538
1970-01-31 00:00:00.000000225,1986-10-01,4.881662479,-0.013307044045572924
1970-01-31 00:00:00.000000226,1986-11-01,4.575152807,-0.06278796891807803
1970-01-31 00:00:00.000000227,1986-12-01,4.654910621,0.01743281970341415
1970-01-31 00:00:00.000000228,1987-01-01,4.492110038,-0.03497394391753672
1970-01-31 00:00:00.000000229,1987-02-01,4.45173175,-0.008988713023151296
1970-01-31 00:00:00.000000230,1987-03-01,4.276017854,-0.039470908371781466
1970-01-31 00:00:00.000000231,1987-04-01,4.371203735,0.022260403078288915
1970-01-31 00:00:00.000000232,1987-05-01,4.429512321,0.013339251504826066
1970-01-31 00:00:00.000000233,1987-06-01,4.187984457,-0.05452696515933231
1970-01-31 00:00:00.000000234,1987-07-01,4.178766144,-0.0022011335272728028
1970-01-31 00:00:00.000000235,1987-08-01,4.293051178,0.027348990123339023
1970-01-31 00:00:00.000000236,1987-09-01,4.305931321,0.0030002304808303126
1970-01-31 00:00:00.000000237,1987-10-01,4.356981982,0.011855892998345219
1970-01-31 00:00:00.000000238,1987-11-01,4.329616016,-0.0062809454142929155
1970-01-31 00:00:00.000000239,1987-12-01,4.291749243,-0.008745988757447365
1970-01-31 00:00:00.000000240,1988-01-01,4.373233966,0.018986366254483356
1970-01-31 00:00:00.000000241,1988-02-01,4.375628463,0.0005475346205157106
1970-01-31 00:00:00.000000242,1988-03-01,4.440936865,0.014925490715732348
1970-01-31 00:00:00.000000243,1988-04-01,4.37597416,-0.014628153242165043
1970-01-31 00:00:00.000000244,1988-05-01,4.432652625,0.01295219371222256
1970-01-31 00:00:00.000000245,1988-06-01,4.673118224,0.05424869019597489
1970-01-31 00:00:00.000000246,1988-07-01,4.70086963,0.005938519992384261
1970-01-31 00:00:00.000000247,1988-08-01,4.674256215,-0.005661381211288785
1970-01-31 00:00:00.000000248,1988-09-01,4.721200474,0.010043150576417359
1970-01-31 00:00:00.000000249,1988-10-01,4.607887381,-0.02400090689307155
1970-01-31 00:00:00.000000250,1988-11-01,4.742903047,0.02930099085249327
1970-01-31 00:00:00.000000251,1988-12-01,4.790034691,0.009937298640293912
1970-01-31 00:00:00.000000252,1989-01-01,4.748201473,-0.008733385183744113
1970-01-31 00:00:00.000000253,1989-02-01,4.783533199,0.007441075573753286
1970-01-31 00:00:00.000000254,1989-03-01,4.750414948,-0.0069233868820901545
1970-01-31 00:00:00.000000255,1989-04-01,4.618488017,-0.027771664674376306
1970-01-31 00:00:00.000000256,1989-05-01,4.742747969,0.026904898647049924
1970-01-31 00:00:00.000000257,1989-06-01,4.74510822,0.0004976547384401009
1970-01-31 00:00:00.000000258,1989-07-01,4.893807623,0.03133741025615633
1970-01-31 00:00:00.000000259,1989-08-01,4.854148787,-0.008103881283279435
1970-01-31 00:00:00.000000260,1989-09-01,4.669891213,-0.03795878167011779
1970-01-31 00:00:00.000000261,1989-10-01,4.802933382,0.02848935080749615
1970-01-31 00:00:00.000000262,1989-11-01,4.797568826,-0.001116933251688379
1970-01-31 00:00:00.000000263,1989-12-01,4.829006386,0.006552810629756101
1970-01-31 00:00:00.000000264,1990-01-01,4.905908309,0.01592499923440771
1970-01-31 00:00:00.000000265,1990-02-01,4.91755923,0.0023748754086223567
1970-01-31 00:00:00.000000266,1990-03-01,5.19152475,0.05571168687275785
1970-01-31 00:00:00.000000267,1990-04-01,5.276985365,0.016461563628296316
1970-01-31 00:00:00.000000268,1990-05-01,5.166732439,-0.020893165012596193
1970-01-31 00:00:00.000000269,1990-06-01,5.370697673,0.03947663952180136
1970-01-31 00:00:00.000000270,1990-07-01,5.516605952,0.02716747206485337
1970-01-31 00:00:00.000000271,1990-08-01,5.836270781,0.057945923957847256
1970-01-31 00:00:00.000000272,1990-09-01,5.930360317,0.016121516552369153
1970-01-31 00:00:00.000000273,1990-10-01,5.798506168,-0.022233750050907664
1970-01-31 00:00:00.000000274,1990-11-01,5.683108196,-0.019901327800053492
1970-01-31 00:00:00.000000275,1990-12-01,5.651092078,-0.005633557710996051
1970-01-31 00:00:00.000000276,1991-01-01,5.815290409,0.029056035317356343
1970-01-31 00:00:00.000000277,1991-02-01,5.8623588,0.008093902056405478
1970-01-31 00:00:00.000000278,1991-03-01,5.474284579,-0.06619762355726166
1970-01-31 00:00:00.000000279,1991-04-01,5.276160434,-0.03619178764655884
1970-01-31 00:00:00.000000280,1991-05-01,5.222445891,-0.010180612146260759
1970-01-31 00:00:00.000000281,1991-06-01,4.934653949,-0.0551067350445813
1970-01-31 00:00:00.000000282,1991-07-01,4.713410392,-0.044834665061941115
1970-01-31 00:00:00.000000283,1991-08-01,4.393094508,-0.06795841171472516
1970-01-31 00:00:00.000000284,1991-09-01,4.443594793,0.01149537869218098
1970-01-31 00:00:00.000000285,1991-10-01,4.288991989,-0.034792282195384994
1970-01-31 00:00:00.000000286,1991-11-01,4.34967757,0.01414914766817943
1970-01-31 00:00:00.000000287,1991-12-01,4.346967664,-0.0006230130754265595
1970-01-31 00:00:00.000000288,1992-01-01,4.052308746,-0.06778493441307565
1970-01-31 00:00:00.000000289,1992-02-01,3.861765064,-0.047021017879766314
1970-01-31 00:00:00.000000290,1992-03-01,3.975844252,0.029540685699258162
1970-01-31 00:00:00.000000291,1992-04-01,4.066438773,0.02278623488694942
1970-01-31 00:00:00.000000292,1992-05-01,3.926410529,-0.034435104477595346
1970-01-31 00:00:00.000000293,1992-06-01,3.860188559,-0.016865778428132305
1970-01-31 00:00:00.000000294,1992-07-01,3.769367667,-0.023527579187356484
1970-01-31 00:00:00.000000295,1992-08-01,3.628120085,-0.03747248729185859
1970-01-31 00:00:00.000000296,1992-09-01,3.349237754,-0.07686689648256229
1970-01-31 00:00:00.000000297,1992-10-01,3.6359146,0.08559465378581188
1970-01-31 00:00:00.000000298,1992-11-01,3.629469745,-0.001772554008831695
1970-01-31 00:00:00.000000299,1992-12-01,3.478262556,-0.04166095865885233
1970-01-31 00:00:00.000000300,1993-01-01,3.528455109,0.01443035199094389
1970-01-31 00:00:00.000000301,1993-02-01,3.561853788,0.009465524703661465
1970-01-31 00:00:00.000000302,1993-03-01,3.334428143,-0.06385035954204654
1970-01-31 00:00:00.000000303,1993-04-01,3.404237829,0.020936029509753373
1970-01-31 00:00:00.000000304,1993-05-01,3.532736691,0.03774673464507816
1970-01-31 00:00:00.000000305,1993-06-01,3.569326945,0.010357481239181121
1970-01-31 00:00:00.000000306,1993-07-01,3.422616714,-0.04110305199290165
1970-01-31 00:00:00.000000307,1993-08-01,3.508810757,0.025183667995142045
1970-01-31 00:00:00.000000308,1993-09-01,3.642383692,0.038067865225710706
1970-01-31 00:00:00.000000309,1993-10-01,3.424737275,-0.05975384127653294
1970-01-31 00:00:00.000000310,1993-11-01,3.436277096,0.0033695492744039157
1970-01-31 00:00:00.000000311,1993-12-01,3.548475916,0.0326512725445236
1970-01-31 00:00:00.000000312,1994-01-01,3.375759896,-0.04867329639218554
1970-01-31 00:00:00.000000313,1994-02-01,3.415920384,0.011896725252168228
1970-01-31 00:00:00.000000314,1994-03-01,3.570150943,0.0451505133791783
1970-01-31 00:00:00.000000315,1994-04-01,3.354397547,-0.06043256978336664
1970-01-31 00:00:00.000000316,1994-05-01,3.225532887,-0.038416633149296775
1970-01-31 00:00:00.000000317,1994-06-01,3.194738495,-0.009547071159656029
1970-01-31 00:00:00.000000318,1994-07-01,3.233880147,0.012251911091082812
1970-01-31 00:00:00.000000319,1994-08-01,3.306714086,0.02252215162258464
1970-01-31 00:00:00.000000320,1994-09-01,3.254281644,-0.015856357893774042
1970-01-31 00:00:00.000000321,1994-10-01,3.164264289,-0.027661206019450546
1970-01-31 00:00:00.000000322,1994-11-01,3.128282179,-0.011371398440100378
1970-01-31 00:00:00.000000323,1994-12-01,2.901446577,-0.072511234287858
1970-01-31 00:00:00.000000324,1995-01-01,3.144200833,0.08366662957861526
1970-01-31 00:00:00.000000325,1995-02-01,3.124100115,-0.006392949772493162
1970-01-31 00:00:00.000000326,1995-03-01,3.167481169,0.013885935918542147
1970-01-31 00:00:00.000000327,1995-04-01,3.306684647,0.04394768921197634
1970-01-31 00:00:00.000000328,1995-05-01,3.355294523,0.014700487403327411
1970-01-31 00:00:00.000000329,1995-06-01,3.332283478,-0.006858129693910087
1970-01-31 00:00:00.000000330,1995-07-01,3.386948974,0.016404815604946554
1970-01-31 00:00:00.000000331,1995-08-01,3.23814109,-0.04393567341649596
1970-01-31 00:00:00.000000332,1995-09-01,3.351697522,0.03506840154392399
1970-01-31 00:00:00.000000333,1995-10-01,3.46411606,0.03354077665484523
1970-01-31 00:00:00.000000334,1995-11-01,3.37996065,-0.024293473007945265
1970-01-31 00:00:00.000000335,1995-12-01,3.379829487,-3.880607308259787e-05
1970-01-31 00:00:00.000000336,1996-01-01,3.277075064,-0.0304022505854894
1970-01-31 00:00:00.000000337,1996-02-01,3.259936249,-0.00522991224347491
1970-01-31 00:00:00.000000338,1996-03-01,3.134500987,-0.03847782668709476
1970-01-31 00:00:00.000000339,1996-04-01,3.004778103,-0.04138549789520296
1970-01-31 00:00:00.000000340,1996-05-01,3.047772222,0.014308583704425226
1970-01-31 00:00:00.000000341,1996-06-01,3.051784638,0.0013165078318637669
1970-01-31 00:00:00.000000342,1996-07-01,3.087421545,0.011677399039322411
1970-01-31 00:00:00.000000343,1996-08-01,3.083473301,-0.0012788159771683905
1970-01-31 00:00:00.000000344,1996-09-01,3.063090207,-0.006610433109114244
1970-01-31 00:00:00.000000345,1996-10-01,2.943741816,-0.03896339413291072
1970-01-31 00:00:00.000000346,1996-11-01,2.980390413,0.012449664165792296
1970-01-31 00:00:00.000000347,1996-12-01,3.05642197,0.025510603130503462
1970-01-31 00:00:00.000000348,1997-01-01,2.91241515,-0.047116144764526746
1970-01-31 00:00:00.000000349,1997-02-01,2.802464903,-0.03775225760654344
1970-01-31 00:00:00.000000350,1997-03-01,2.854608076,0.018606182344756972
1970-01-31 00:00:00.000000351,1997-04-01,2.910920374,0.019726805397015212
1970-01-31 00:00:00.000000352,1997-05-01,2.870203143,-0.01398775155915688
1970-01-31 00:00:00.000000353,1997-06-01,2.828445596,-0.014548638169336714
1970-01-31 00:00:00.000000354,1997-07-01,2.752239262,-0.02694283181821544
1970-01-31 00:00:00.000000355,1997-08-01,2.653670773,-0.035813924450874945
1970-01-31 00:00:00.000000356,1997-09-01,2.544804261,-0.04102487509289843
1970-01-31 00:00:00.000000357,1997-10-01,2.618900715,0.02911675964063476
1970-01-31 00:00:00.000000358,1997-11-01,2.548580799,-0.026850928558397213
1970-01-31 00:00:00.000000359,1997-12-01,2.621535622,0.028625666107437553
1970-01-31 00:00:00.000000360,1998-01-01,2.673178027,0.019699295545181794
1970-01-31 00:00:00.000000361,1998-02-01,2.691552555,0.006873664160939041
1970-01-31 00:00:00.000000362,1998-03-01,2.672304266,-0.007151370298990933
1970-01-31 00:00:00.000000363,1998-04-01,2.640497846,-0.011902244966890962
1970-01-31 00:00:00.000000364,1998-05-01,2.611332031,-0.011045574244335277
1970-01-31 00:00:00.000000365,1998-06-01,2.600204475,-0.00426125665671806
1970-01-31 00:00:00.000000366,1998-07-01,2.603335947,0.0012043175950615659
1970-01-31 00:00:00.000000367,1998-08-01,2.633982138,0.01177189253477473
1970-01-31 00:00:00.000000368,1998-09-01,2.594217982,-0.01509659288357712
1970-01-31 00:00:00.000000369,1998-10-01,2.535056337,-0.02280519424755112
1970-01-31 00:00:00.000000370,1998-11-01,2.523581703,-0.004526382247417415
1970-01-31 00:00:00.000000371,1998-12-01,2.437823,-0.033982931045209
1970-01-31 00:00:00.000000372,1999-01-01,2.383116,-0.022440923725799644
1970-01-31 00:00:00.000000373,1999-02-01,2.316234,-0.028064936830603182
1970-01-31 00:00:00.000000374,1999-03-01,2.237507,-0.033989225613647034
1970-01-31 00:00:00.000000375,1999-04-01,2.226592,-0.004878197029104192
1970-01-31 00:00:00.000000376,1999-05-01,2.153318,-0.032908588551472384
1970-01-31 00:00:00.000000377,1999-06-01,2.070264,-0.03857024368904183
1970-01-31 00:00:00.000000378,1999-07-01,2.111144,0.019746273905163703
1970-01-31 00:00:00.000000379,1999-08-01,2.094839,-0.007723300731735994
1970-01-31 00:00:00.000000380,1999-09-01,2.070746,-0.011501122520632734
1970-01-31 00:00:00.000000381,1999-10-01,2.04962,-0.010202120395258585
1970-01-31 00:00:00.000000382,1999-11-01,2.147821,0.04791180804246631
1970-01-31 00:00:00.000000383,1999-12-01,2.167848,0.009324333824839437
1970-01-31 00:00:00.000000384,2000-01-01,2.335519,0.07734444481347391
1970-01-31 00:00:00.000000385,2000-02-01,2.379221,0.018711900866573927
1970-01-31 00:00:00.000000386,2000-03-01,2.483286,0.043739106203249056
1970-01-31 00:00:00.000000387,2000-04-01,2.409239,-0.02981815223860651
1970-01-31 00:00:00.000000388,2000-05-01,2.558647,0.06201460295138839
1970-01-31 00:00:00.000000389,2000-06-01,2.701492,0.05582833427198053
1970-01-31 00:00:00.000000390,2000-07-01,2.71297,0.004248763275997103
1970-01-31 00:00:00.000000391,2000-08-01,2.874818,0.05965712853441052
1970-01-31 00:00:00.000000392,2000-09-01,2.897082,0.007744490259905312
1970-01-31 00:00:00.000000393,2000-10-01,2.919941,0.007890353120829863
1970-01-31 00:00:00.000000394,2000-11-01,2.870145,-0.01705376923711821
1970-01-31 00:00:00.000000395,2000-12-01,2.972089,0.035518762989326325
1970-01-31 00:00:00.000000396,2001-01-01,2.878468,-0.03150006611511302
1970-01-31 00:00:00.000000397,2001-02-01,2.979742,0.035183298893717074
1970-01-31 00:00:00.000000398,2001-03-01,2.961886,-0.005992465119463386
1970-01-31 00:00:00.000000399,2001-04-01,3.091112,0.043629633280956925
1970-01-31 00:00:00.000000400,2001-05-01,3.07401,-0.005532636798666668
1970-01-31 00:00:00.000000401,2001-06-01,3.200619,0.041186918715293785
1970-01-31 00:00:00.000000402,2001-07-01,3.207811,0.002247065333299547
1970-01-31 00:00:00.000000403,2001-08-01,3.251713,0.013685968406492721
1970-01-31 00:00:00.000000404,2001-09-01,3.388746,0.04214178803602886
1970-01-31 00:00:00.000000405,2001-10-01,3.484066,0.028128399118729996
1970-01-31 00:00:00.000000406,2001-11-01,3.601999,0.0338492439580651
1970-01-31 00:00:00.000000407,2001-12-01,3.564921,-0.010293728565721416
1970-01-31 00:00:00.000000408,2002-01-01,3.557463,-0.0020920519697351647
1970-01-31 00:00:00.000000409,2002-02-01,3.527436,-0.008440565650296272
1970-01-31 00:00:00.000000410,2002-03-01,3.46848,-0.01671355624878801
1970-01-31 00:00:00.000000411,2002-04-01,3.465822,-0.0007663299197342432
1970-01-31 00:00:00.000000412,2002-05-01,3.452132,-0.003950000894448746
1970-01-31 00:00:00.000000413,2002-06-01,3.241692,-0.0609594302882972
1970-01-31 00:00:00.000000414,2002-07-01,3.263706,0.006790898086554753
1970-01-31 00:00:00.000000415,2002-08-01,3.146595,-0.03588282768116979
1970-01-31 00:00:00.000000416,2002-09-01,3.026606,-0.03813296595208471
1970-01-31 00:00:00.000000417,2002-10-01,2.937194,-0.029542001833076426
1970-01-31 00:00:00.000000418,2002-11-01,2.824322,-0.03842851374475087
1970-01-31 00:00:00.000000419,2002-12-01,2.792164,-0.011386095494777093
1970-01-31 00:00:00.000000420,2003-01-01,2.778159,-0.005015822852812435
1970-01-31 00:00:00.000000421,2003-02-01,2.69562,-0.029709962604732132
1970-01-31 00:00:00.000000422,2003-03-01,2.619135,-0.02837380639704401
1970-01-31 00:00:00.000000423,2003-04-01,2.450573,-0.06435788915042562
1970-01-31 00:00:00.000000424,2003-05-01,2.338588,-0.04569747565161286
1970-01-31 00:00:00.000000425,2003-06-01,2.261697,-0.03287924166206291
1970-01-31 00:00:00.000000426,2003-07-01,2.228217,-0.014803043909064728
1970-01-31 00:00:00.000000427,2003-08-01,2.155287,-0.032730205361506504
1970-01-31 00:00:00.000000428,2003-09-01,2.174311,0.008826666703784625
1970-01-31 00:00:00.000000429,2003-10-01,2.150681,-0.010867810538602751
1970-01-31 00:00:00.000000430,2003-11-01,2.025956,-0.05799325887939688
1970-01-31 00:00:00.000000431,2003-12-01,1.967767,-0.028721749139665298
1970-01-31 00:00:00.000000432,2004-01-01,1.949813,-0.009124047714998751
1970-01-31 00:00:00.000000433,2004-02-01,2.037157,0.0447960907020315
1970-01-31 00:00:00.000000434,2004-03-01,2.126567,0.04388959711990781
1970-01-31 00:00:00.000000435,2004-04-01,2.247883,0.05704781462328712
1970-01-31 00:00:00.000000436,2004-05-01,2.228612,-0.008572955087075229
1970-01-31 00:00:00.000000437,2004-06-01,2.370793,0.06379800521580248
1970-01-31 00:00:00.000000438,2004-07-01,2.254997,-0.04884272899405384
1970-01-31 00:00:00.000000439,2004-08-01,2.249671,-0.0023618656698877194
1970-01-31 00:00:00.000000440,2004-09-01,2.23192,-0.007890487097891197
1970-01-31 00:00:00.000000441,2004-10-01,2.229333,-0.0011590917237177534
1970-01-31 00:00:00.000000442,2004-11-01,2.293797,0.02891627226618909
1970-01-31 00:00:00.000000443,2004-12-01,2.304188,0.004530043417093843
1970-01-31 00:00:00.000000444,2005-01-01,2.308836,0.0020171965134789804
1970-01-31 00:00:00.000000445,2005-02-01,2.279146,-0.012859293600758104
1970-01-31 00:00:00.000000446,2005-03-01,2.238654,-0.017766303694453978
1970-01-31 00:00:00.000000447,2005-04-01,2.231837,-0.0030451333703197525
1970-01-31 00:00:00.000000448,2005-05-01,2.350311,0.05308362573073211
1970-01-31 00:00:00.000000449,2005-06-01,2.191008,-0.06777954066504388
1970-01-31 00:00:00.000000450,2005-07-01,2.292571,0.04635446333377158
1970-01-31 00:00:00.000000451,2005-08-01,2.256804,-0.015601261640315722
1970-01-31 00:00:00.000000452,2005-09-01,2.326514,0.0308888144473336
1970-01-31 00:00:00.000000453,2005-10-01,2.318218,-0.0035658500228238355
1970-01-31 00:00:00.000000454,2005-11-01,2.424911,0.0460237130416552
1970-01-31 00:00:00.000000455,2005-12-01,2.463042,0.015724700824071736
1970-01-31 00:00:00.000000456,2006-01-01,2.444816,-0.007399792614174006
1970-01-31 00:00:00.000000457,2006-02-01,2.492938,0.019683280868580733
1970-01-31 00:00:00.000000458,2006-03-01,2.575349,0.03305778162152451
1970-01-31 00:00:00.000000459,2006-04-01,2.67529,0.03880677919769315
1970-01-31 00:00:00.000000460,2006-05-01,2.778406,0.03854385879661648
1970-01-31 00:00:00.000000461,2006-06-01,3.029284,0.09029565873382084
1970-01-31 00:00:00.000000462,2006-07-01,3.089187,0.019774639815877126
1970-01-31 00:00:00.000000463,2006-08-01,3.219901,0.04231339831483183
1970-01-31 00:00:00.000000464,2006-09-01,3.207054,-0.003989874222841139
1970-01-31 00:00:00.000000465,2006-10-01,3.285968,0.024606383303804824
1970-01-31 00:00:00.000000466,2006-11-01,3.141252,-0.04404059929981052
1970-01-31 00:00:00.000000467,2006-12-01,3.1159,-0.008070667364477702
1970-01-31 00:00:00.000000468,2007-01-01,3.136734,0.006686350653101858
1970-01-31 00:00:00.000000469,2007-02-01,3.152428,0.005003293234300266
1970-01-31 00:00:00.000000470,2007-03-01,3.099888,-0.01666651863262225
1970-01-31 00:00:00.000000471,2007-04-01,2.957465,-0.04594456315841089
1970-01-31 00:00:00.000000472,2007-05-01,2.774199,-0.06196725912225509
1970-01-31 00:00:00.000000473,2007-06-01,2.621714,-0.05496541524238163
1970-01-31 00:00:00.000000474,2007-07-01,2.525322,-0.036766786918786654
1970-01-31 00:00:00.000000475,2007-08-01,2.459164,-0.026197847244826655
1970-01-31 00:00:00.000000476,2007-09-01,2.475003,0.006440806713175817
1970-01-31 00:00:00.000000477,2007-10-01,2.494632,0.00793089947769765
1970-01-31 00:00:00.000000478,2007-11-01,2.64947,0.062068473426140525
1970-01-31 00:00:00.000000479,2007-12-01,2.712396,0.023750410459450366
1970-01-31 00:00:00.000000480,2008-01-01,2.747695,0.013013955189434157
1970-01-31 00:00:00.000000481,2008-02-01,2.617738,-0.04729673417173308
1970-01-31 00:00:00.000000482,2008-03-01,2.688949,0.027203257163245453
1970-01-31 00:00:00.000000483,2008-04-01,2.725505,0.013594902692464661
1970-01-31 00:00:00.000000484,2008-05-01,2.793043,0.02477999490002758
1970-01-31 00:00:00.000000485,2008-06-01,2.933931,0.05044247439083471
1970-01-31 00:00:00.000000486,2008-07-01,3.010504,0.026099114123679268
1970-01-31 00:00:00.000000487,2008-08-01,3.080765,0.023338617055483013
1970-01-31 00:00:00.000000488,2008-09-01,3.071629,-0.002965497206050993
1970-01-31 00:00:00.000000489,2008-10-01,2.922213,-0.04864389547044912
1970-01-31 00:00:00.000000490,2008-11-01,2.777101,-0.04965825557548342
1970-01-31 00:00:00.000000491,2008-12-01,2.614507,-0.058548104660219424
1970-01-31 00:00:00.000000492,2009-01-01,2.535975,-0.030037020363686162
1970-01-31 00:00:00.000000493,2009-02-01,2.54257,0.0026005776870827724
1970-01-31 00:00:00.000000494,2009-03-01,2.437701,-0.041245275449643404
1970-01-31 00:00:00.000000495,2009-04-01,2.359914,-0.031909984038239414
1970-01-31 00:00:00.000000496,2009-05-01,2.273815,-0.03648395661875814
1970-01-31 00:00:00.000000497,2009-06-01,2.078063,-0.08608967748035778
1970-01-31 00:00:00.000000498,2009-07-01,1.910212,-0.08077281583859597
1970-01-31 00:00:00.000000499,2009-08-01,1.757047,-0.08018219967207829
1970-01-31 00:00:00.000000500,2009-09-01,1.602846,-0.08776145430372662
1970-01-31 00:00:00.000000501,2009-10-01,1.509202,-0.058423579058749286
1970-01-31 00:00:00.000000502,2009-11-01,1.361569,-0.09782189527975704
1970-01-31 00:00:00.000000503,2009-12-01,1.318775,-0.03142991651543181
1970-01-31 00:00:00.000000504,2010-01-01,1.170764,-0.11223370173077296
1970-01-31 00:00:00.000000505,2010-02-01,1.048684,-0.10427379044794682
1970-01-31 00:00:00.000000506,2010-03-01,0.9255024,-0.11746302985456059
1970-01-31 00:00:00.000000507,2010-04-01,0.869413,-0.06060427287924908
1970-01-31 00:00:00.000000508,2010-05-01,0.793302,-0.08754297439766834
1970-01-31 00:00:00.000000509,2010-06-01,0.7780127,-0.019272988092806975
1970-01-31 00:00:00.000000510,2010-07-01,0.7440706,-0.04362666573437679
1970-01-31 00:00:00.000000511,2010-08-01,0.6911158,-0.07116905304416021
1970-01-31 00:00:00.000000512,2010-09-01,0.6638685,-0.039425086215652994
1970-01-31 00:00:00.000000513,2010-10-01,0.6723344,0.012752374905572461
1970-01-31 00:00:00.000000514,2010-11-01,0.8233069,0.22454971811646107
1970-01-31 00:00:00.000000515,2010-12-01,0.8307821,0.0090794817825528
1970-01-31 00:00:00.000000516,2011-01-01,0.9539952,0.1483097673866589
1970-01-31 00:00:00.000000517,2011-02-01,1.117829,0.17173440704942733
1970-01-31 00:00:00.000000518,2011-03-01,1.179972,0.05559258169183301
1970-01-31 00:00:00.000000519,2011-04-01,1.210295,0.025698067411769054
1970-01-31 00:00:00.000000520,2011-05-01,1.256079,0.03782879380646875
1970-01-31 00:00:00.000000521,2011-06-01,1.29395,0.030150173675381975
1970-01-31 00:00:00.000000522,2011-07-01,1.41844,0.09620928165694198
1970-01-31 00:00:00.000000523,2011-08-01,1.651442,0.16426637714672476
1970-01-31 00:00:00.000000524,2011-09-01,1.721515,0.04243140237440968
1970-01-31 00:00:00.000000525,2011-10-01,1.835844,0.06641185235098157
1970-01-31 00:00:00.000000526,2011-11-01,1.835434,-0.0002233305226370108
1970-01-31 00:00:00.000000527,2011-12-01,2.045078,0.11422039691974772
1970-01-31 00:00:00.000000528,2012-01-01,2.113351,0.03338405674502387
1970-01-31 00:00:00.000000529,2012-02-01,2.01608,-0.04602690229876627
1970-01-31 00:00:00.000000530,2012-03-01,2.122799,0.05293391135272407
1970-01-31 00:00:00.000000531,2012-04-01,2.191796,0.0325028417669313
1970-01-31 00:00:00.000000532,2012-05-01,2.188203,-0.001639294897882837
1970-01-31 00:00:00.000000533,2012-06-01,2.238927,0.023180664682389995
1970-01-31 00:00:00.000000534,2012-07-01,2.260479,0.009626039616298376
1970-01-31 00:00:00.000000535,2012-08-01,2.17107,-0.039553121263236846
1970-01-31 00:00:00.000000536,2012-09-01,2.219253,0.022193204272547673
1970-01-31 00:00:00.000000537,2012-10-01,2.206525,-0.005735263171887106
1970-01-31 00:00:00.000000538,2012-11-01,2.195661,-0.004923578930671635
1970-01-31 00:00:00.000000539,2012-12-01,2.107127,-0.04032225375410847
1970-01-31 00:00:00.000000540,2013-01-01,2.065935,-0.01954889287641426
1970-01-31 00:00:00.000000541,2013-02-01,2.143683,0.037633323410465325
1970-01-31 00:00:00.000000542,2013-03-01,2.096923,-0.021812926631409546
1970-01-31 00:00:00.000000543,2013-04-01,1.932255,-0.07852839613090223
1970-01-31 00:00:00.000000544,2013-05-01,1.905048,-0.014080439693518687
1970-01-31 00:00:00.000000545,2013-06-01,1.874046,-0.016273605704423155
1970-01-31 00:00:00.000000546,2013-07-01,1.865294,-0.00467010948503932
1970-01-31 00:00:00.000000547,2013-08-01,1.911745,0.024902776720452602
1970-01-31 00:00:00.000000548,2013-09-01,1.888205,-0.012313357691533189
1970-01-31 00:00:00.000000549,2013-10-01,1.866698,-0.011390182739691945
1970-01-31 00:00:00.000000550,2013-11-01,1.890963,0.012998888947221232
1970-01-31 00:00:00.000000551,2013-12-01,1.872378,-0.009828325567448837
1970-01-31 00:00:00.000000552,2014-01-01,1.821944,-0.026935800356551964
1970-01-31 00:00:00.000000553,2014-02-01,1.789204,-0.017969816854963683
1970-01-31 00:00:00.000000554,2014-03-01,1.821445,0.018019745093348805
1970-01-31 00:00:00.000000555,2014-04-01,2.025724,0.11215216490204205
1970-01-31 00:00:00.000000556,2014-05-01,2.127518,0.05025067580776055
1970-01-31 00:00:00.000000557,2014-06-01,2.142724,0.0071472955810480965
1970-01-31 00:00:00.000000558,2014-07-01,2.098319,-0.020723620960982236
1970-01-31 00:00:00.000000559,2014-08-01,1.959017,-0.06638742726916169
1970-01-31 00:00:00.000000560,2014-09-01,1.95017,-0.004516040442732239
1970-01-31 00:00:00.000000561,2014-10-01,2.001463,0.02630180958583117
1970-01-31 00:00:00.000000562,2014-11-01,1.999147,-0.0011571535421840418
1970-01-31 00:00:00.000000563,2014-12-01,1.961226,-0.01896859010367924
1970-01-31 00:00:00.000000564,2015-01-01,1.976365,0.007719151184004236
1970-01-31 00:00:00.000000565,2015-02-01,1.972517,-0.0019470087762127886
1970-01-31 00:00:00.000000566,2015-03-01,1.989606,0.008663550174725865
1970-01-31 00:00:00.000000567,2015-04-01,2.05371,0.03221944445282143
1970-01-31 00:00:00.000000568,2015-05-01,2.056561,0.0013882193688494748
1970-01-31 00:00:00.000000569,2015-06-01,2.103732,0.02293683484224407
1970-01-31 00:00:00.000000570,2015-07-01,2.130475,0.012712170561649527
1970-01-31 00:00:00.000000571,2015-08-01,2.169207,0.018179983337049288
1970-01-31 00:00:00.000000572,2015-09-01,2.268536,0.04579046628560568
1970-01-31 00:00:00.000000573,2015-10-01,2.335492,0.02951507051243607
1970-01-31 00:00:00.000000574,2015-11-01,2.394625,0.025319290325122035
1970-01-31 00:00:00.000000575,2015-12-01,2.437497,0.017903429555776063
1970-01-31 00:00:00.000000576,2016-01-01,2.460879,0.009592627190925684
1970-01-31 00:00:00.000000577,2016-02-01,2.538253,0.03144161090407138
1970-01-31 00:00:00.000000578,2016-03-01,2.526214,-0.004743026010409546
1970-01-31 00:00:00.000000579,2016-04-01,2.53143,0.002064749858879722
1970-01-31 00:00:00.000000580,2016-05-01,2.565678,0.013529112003887178
1970-01-31 00:00:00.000000581,2016-06-01,2.563629,-0.0007986193123220575
1970-01-31 00:00:00.000000582,2016-07-01,2.569655,0.0023505741275355874
1970-01-31 00:00:00.000000583,2016-08-01,2.716347,0.05708626255275506
1970-01-31 00:00:00.000000584,2016-09-01,2.624799,-0.03370261605015856
1970-01-31 00:00:00.000000585,2016-10-01,2.502268,-0.0466820507017871
1970-01-31 00:00:00.000000586,2016-11-01,2.518564,0.006512491867378012
1970-01-31 00:00:00.000000587,2016-12-01,2.585286,0.02649208040772444
1970-01-31 00:00:00.000000588,2017-01-01,2.651739,0.025704312791698936
1970-01-31 00:00:00.000000589,2017-02-01,2.664566,0.004837203058068784
1970-01-31 00:00:00.000000590,2017-03-01,2.436586,-0.08555989981107615
1970-01-31 00:00:00.000000591,2017-04-01,2.235672,-0.08245717573687117
1970-01-31 00:00:00.000000592,2017-05-01,2.139634,-0.042957106409169166
1970-01-31 00:00:00.000000593,2017-06-01,2.122109,-0.008190653167784778
1970-01-31 00:00:00.000000594,2017-07-01,2.131777,0.004555845152157678
1970-01-31 00:00:00.000000595,2017-08-01,2.075047,-0.026611601494903048
1970-01-31 00:00:00.000000596,2017-09-01,2.091354,0.007858617178309713
1970-01-31 00:00:00.000000597,2017-10-01,2.177581,0.04123022692475797
1970-01-31 00:00:00.000000598,2017-11-01,2.099803,-0.035717615096751865
1970-01-31 00:00:00.000000599,2017-12-01,2.117186,0.008278395639971903
1970-01-31 00:00:00.000000600,2018-01-01,2.157823,0.019193873377209236
1970-01-31 00:00:00.000000601,2018-02-01,2.123101,-0.016091217861705975
1970-01-31 00:00:00.000000602,2018-03-01,2.366925,0.11484333529116131
1970-01-31 00:00:00.000000603,2018-04-01,2.491592,0.05267044794406228
1970-01-31 00:00:00.000000604,2018-05-01,2.543212,0.02071767769361932
1970-01-31 00:00:00.000000605,2018-06-01,2.551897,0.0034149728768186893
1970-01-31 00:00:00.000000606,2018-07-01,2.518753,-0.012987985016636672
1970-01-31 00:00:00.000000607,2018-08-01,2.432443,-0.03426695670436908
1970-01-31 00:00:00.000000608,2018-09-01,2.462881,0.012513345636465
1970-01-31 00:00:00.000000609,2018-10-01,2.415236,-0.01934523024051904
1970-01-31 00:00:00.000000610,2018-11-01,2.476418,0.025331686013292165
1970-01-31 00:00:00.000000611,2018-12-01,2.456173,-0.00817511421738959
1970-01-31 00:00:00.000000612,2019-01-01,2.375054,-0.033026582410929595
1970-01-31 00:00:00.000000613,2019-02-01,2.375943,0.0003743072789081925
1970-01-31 00:00:00.000000614,2019-03-01,2.356946,-0.00799556218309938
1970-01-31 00:00:00.000000615,2019-04-01,2.392773,0.01520060281398039
1970-01-31 00:00:00.000000616,2019-05-01,2.360903,-0.013319274331497377
1970-01-31 00:00:00.000000617,2019-06-01,2.392597,0.013424524429847429
1970-01-31 00:00:00.000000618,2019-07-01,2.475923,0.034826592192500394
1970-01-31 00:00:00.000000619,2019-08-01,2.630398,0.062390874029604415
1970-01-31 00:00:00.000000620,2019-09-01,2.622934,-0.002837593398413496
1970-01-31 00:00:00.000000621,2019-10-01,2.747596,0.047527692271326805
1970-01-31 00:00:00.000000622,2019-11-01,2.772021,0.00888958929915451
1970-01-31 00:00:00.000000623,2019-12-01,2.752609,-0.007002832951121252
1970-01-31 00:00:00.000000624,2020-01-01,2.790484,0.01375967309559778
1970-01-31 00:00:00.000000625,2020-02-01,2.800101,0.0034463555426227366
1970-01-31 00:00:00.000000626,2020-03-01,2.606553,-0.06912179239248883
1970-01-31 00:00:00.000000627,2020-04-01,2.179323,-0.1639061242951898
1970-01-31 00:00:00.000000628,2020-05-01,2.01414,-0.07579555669352378
1970-01-31 00:00:00.000000629,2020-06-01,1.993544,-0.01022570427080538
1970-01-31 00:00:00.000000630,2020-07-01,2.281283,0.14433541471871214
1970-01-31 00:00:00.000000631,2020-08-01,2.213149,-0.029866526862296405
1970-01-31 00:00:00.000000632,2020-09-01,1.980283,-0.10521930516201128
1970-01-31 00:00:00.000000633,2020-10-01,1.747303,-0.11764985105664194
1970-01-31 00:00:00.000000634,2020-11-01,1.697582,-0.028455854536963643
1970-01-31 00:00:00.000000635,2020-12-01,1.600671,-0.05708766940271515
1970-01-31 00:00:00.000000636,2021-01-01,1.400569,-0.1250113233762591
1970-01-31 00:00:00.000000637,2021-02-01,1.405123,0.003251535625877766
1970-01-31 00:00:00.000000638,2021-03-01,1.592366,0.13325737319793363
1970-01-31 00:00:00.000000639,2021-04-01,2.209393,0.38749068995444524
1970-01-31 00:00:00.000000640,2021-05-01,2.562825,0.15996791879036465
1970-01-31 00:00:00.000000641,2021-06-01,2.558145,-0.0018261098592373681
1970-01-31 00:00:00.000000642,2021-07-01,2.323597,-0.0916867495783078
1970-01-31 00:00:00.000000643,2021-08-01,2.332419,0.003796699685874927
1970-01-31 00:00:00.000000644,2021-09-01,2.610662,0.11929374610651022
1970-01-31 00:00:00.000000645,2021-10-01,3.007604,0.15204649242222867
1970-01-31 00:00:00.000000646,2021-11-01,3.184384,0.0587776848281889
1970-01-31 00:00:00.000000647,2021-12-01,3.456458,0.08544007255406383
1970-01-31 00:00:00.000000648,2022-01-01,3.965498,0.14727214969775426
1970-01-31 00:00:00.000000649,2022-02-01,4.280304,0.07938624606543732
1970-01-31 00:00:00.000000650,2022-03-01,4.534344,0.05935092460722413
1970-01-31 00:00:00.000000651,2022-04-01,4.703935,0.037401441090486376
1970-01-31 00:00:00.000000652,2022-05-01,4.950974,0.052517519906206234
1970-01-31 00:00:00.000000653,2022-06-01,5.39633,0.08995320920691552
1970-01-31 00:00:00.000000654,2022-07-01,5.59073,0.03602448330624708
1970-01-31 00:00:00.000000655,2022-08-01,5.951312,0.06449640744589713
1970-01-31 00:00:00.000000656,2022-09-01,6.348017,0.06665841078404222
1970-01-31 00:00:00.000000657,2022-10-01,6.312946,-0.005524717403875834
1970-01-31 00:00:00.000000658,2022-11-01,6.422543,0.01736067439829192
1970-01-31 00:00:00.000000659,2022-12-01,6.538167,0.01800283781673384
1970-01-31 00:00:00.000000660,2023-01-01,6.487554,-0.007741160481217313
1970-01-31 00:00:00.000000661,2023-02-01,6.525,0.005771975077201619
1970-01-31 00:00:00.000000662,2023-03-01,6.390946,-0.020544674329502022
1970-01-31 00:00:00.000000663,2023-04-01,6.264224,-0.019828363437901064
1970-01-31 00:00:00.000000664,2023-05-01,5.975255,-0.04613005537477588
1970-01-31 00:00:00.000000665,2023-06-01,5.586684,-0.06503002800717284
1970-01-31 00:00:00.000000666,2023-07-01,5.405751,-0.032386474695901835
1970-01-31 00:00:00.000000667,2023-08-01,5.172225,-0.043199548036896296
1970-01-31 00:00:00.000000668,2023-09-01,4.95977,-0.04107613261217369
1970-01-31 00:00:00.000000669,2023-10-01,4.882928,-0.015493057137730193
1970-01-31 00:00:00.000000670,2023-11-01,4.688293,-0.03986030512839833
1970-01-31 00:00:00.000000671,2023-12-01,4.554396,-0.02855986176631886
1970-01-31 00:00:00.000000672,2024-01-01,4.603922367,0.0108744094716402
1970-01-31 00:00:00.000000673,2024-02-01,4.403102398,-0.043619321307291736
1970-01-31 00:00:00.000000674,2024-03-01,4.509212494,0.02409893897725346
